{"version":2,"languages":{"bun":{"specfileHash":"32991b75897b14c8d4497db3c914be2b","lockfileHash":"932c1296cce123aa682ae00c18ba1262","guessedImports":["@replit/vite-plugin-shadcn-theme-json","tailwindcss","@tailwindcss/typography","vite","@vitejs/plugin-react","@replit/vite-plugin-runtime-error-modal","drizzle-kit","tailwindcss-animate"],"guessedImportsHash":"36ddde7162d77428665ff0a9fbe22ced"},"nodejs-npm":{"specfileHash":"c7c0da94a80fcea54c094aa593efeadf","lockfileHash":"ef61c4dbd793135bc8002bd1f8c53e95","guessedImports":["tailwindcss-animate","@tailwindcss/typography","@replit/vite-plugin-shadcn-theme-json","@replit/vite-plugin-runtime-error-modal","drizzle-kit","@vitejs/plugin-react","tailwindcss","vite"],"guessedImportsHash":"18c6049d491e6f7ac5097a2434e44795"}}}
